Jack #, Room #, Jack #
104036-1,405A,104036
104063-1,405C,104063
104037-1,405B,104037
104035-1,401,104035
104074-1,405,104074
104038-1,405,104038
104039-1,406,104039
104041-1,409,104041
104042-1,411,104042
104059-1,412,104059
104058-1,414,104058
104043-1,413,104043
104044-1,415,104044
104045-1,417,104045
104076-1,418,104076
104056-1,418,104056
104046-1,419,104046
104047-1,420,104047
104053-1,424,104053
104049-1,422,104049
104050-1,423,104050
104052-1,425,104052
104066-1,429,104066
104051-1,426,104051
104048-1,421,104048
104057-1,416,104057
104065-1,410,104065
140061-1,410,140061
104060-1,410,104060
104040-1,408,104040
104064-1,410A,104064
103043-1,306,103043
103086-1,306,103086
103047-1,306,103047
103046-1,306,103046
103049-1,306,103049
103050-1,306,103050
103051-1,306,103051
103052-1,306,103052
103069-1,307,103069
103054-1,306,103054
103081-1,306,103081
103083-1,306,103083
103084-1,306,103084
103068-1,308,103068
103070-1,306,103070
103064-1,306,103064
103063-1,315,103063
103066-1,313,103066
103065-1,314,103065
103071-1,314,103071
103080-1,314,103080
103062-1,317,103062
103057-1,306,103057
103059-1,306,103059
103058-1,306,103058
103060-1,306,103060
103055-1,306,103055
103056-1,306,103056
103082-1,306,103082
103044-1,305C,103044
103087-1,305C,103087
130377-1,312,130377
103036-1,331,103036
103037-1,332,103037
103038-1,333,103038
103039-1,334,103039
103075-1,335,103075
103041-1,336,103041
102085-1,231,102085
102086-1,231,102086
102089-1,231,102089
102088-1,231,102088
102087-1,231,102087
102066-1,205,102066
102067-1,205,102067
102113-1,205,102113
102112-1,205,102112
102105-1,205,102105
102106-1,205,102106
102068-1,209,102068
102073-1,213,102073
100025-1,OO6,100025
100062-1,OO6,100062
100063-1,OO6,100063
100064-1,OO6,100064
100065-1,OO6,100065
100066-1,OO6,100066
100067-1,OO6,100067
100068-1,OO6,100068
100069-1,OO6,100069
100024-1,OO6,100024
100043-1,OO8,100043
100032-1,OO9,100032
100031-1,OO9,100031
100030-1,OO9,100030
100026-1,OO9,100026
100027-1,OO9,100027
100028-1,OO9,100028
100055-1,O32,100055
100060-1,O32,100060
100058-1,O32,100058
100052-1,O10,100052
100042-1,O10,100042
100041-1,O10,100041
100040-1,O11,100040
100053-1,O11,100053
100039-1,O11,100039
100073-1,O12,100073
100061-1,O12,100061
100072-1,O13,100072
1000033-1,O13,1000033
101045-1,iCommons,101045
101118-1,iCommons,101118
101046-1,iCommons,101046
101047-1,iCommons,101047
101049-1,iCommons,101049
101050-1,iCommons,101050
101063-1,iCommons,101063
101065-1,iCommons,101065
101140-1,iCommons,101140
101056-1,iCommons,101056
101051-1,iCommons,101051
101055-1,iCommons,101055
101058-1,iCommons,101058
101143-1,iCommons,101143
101086-1,iCommons,101086
101081-1,iCommons,101081
101082-1,iCommons,101082
101106-1,137,101106
101115-1,137,101115
104075-1,4th floor printer nook,104075
102062-1,202,102062
102063-1,202,102063
102064-1,202,102064
102065-1,202,102065
101101-1,135,101101
101100-1,135,101100
101102-1,134,101102
101104-1,133,101104
101103-1,133,101103
101105-1,132,101105
100059-1,32,100059
101017-1,1st floor lobby,101017
102082-1,206,102082
102081-1,207,102081
102080-1,208,102080
102079-1,210,102079
102114-1,232,102114
102090-1,232,102090
102091-1,233A,102091
102116-1,233B,102116
102117-1,233C,102117
891008-1,150,891008
891013-1,150,891013
891006-1,150,891006
891000-1,152,891000
891001-1,152,891001
891004-1,152,891004
891010-1,152,891010
891007-1,152,891007
891002-1,152,891002
891180-1,152,891180
891014-1,152,891014
891016-1,152,891016
891015-1,152,891015
891179-1,152,891179
891023-1,152,891023
891017-1,152,891017
891024-1,152,891024
891018-1,152,891018
891021-1,152,891021
891022-1,152,891022
891207-1,152,891207
891012-1,152,891012
891099-1,153,891099
891115-1,153,891115
891114-1,153,891114
891113-1,153,891113
891111-1,153,891111
891110-1,153,891110
891109-1,153,891109
891108-1,153,891108
891107-1,153,891107
891106-1,153,891106
891105-1,153,891105
891103-1,153,891103
891102-1,153,891102
891101-1,153,891101
891003-1,152,891003
891005-1,152,891005
891206-1,150,891206
891205-1,150,891205
891116-1,151,891116
891118-1,151,891118
891122-1,151,891122
891218-1,151,891218
891121-1,151,891121
891217-1,151,891217
891120-1,151,891120
891119-1,151,891119
891216-1,151,891216
891186-1,100I,891186
891196-1,100,891196
891197-1,100,891197
891195-1,100,891195
891189-1,100,891189
891193-1,100F,891193
891194-1,100G,891194
891221-1,100H,891221
891183-1,100,891183
891184-1,100,891184
891192-1,100E,891192
891191-1,100D,891191
891190-1,100C,891190
891182-1,100B,891182
891188-1,100A,891188
891236-1,100K,891236
891237-1,100N,891237
891081-1,100M,891081
R63056-1,325,R63056
R63055-1,324,R63055
891155-1,104,891155
891154-1,106,891154
891156-1,105,891156
891158-1,107,891158
891153-1,108,891153
891160-1,109,891160
891162-1,111,891162
891151-1,112,891151
891150-1,114,891150
891178-1,137,891178
891157-1,138,891157
891176-1,135,891176
891159-1,136,891159
81175-1,133,81175
891169-1,134,891169
891174-1,131,891174
891163-1,132,891163
81029-1,130,81029
871082-1,148,871082
891035-1,148,891035
891033-1,148,891033
891034-1,148,891034
891036-1,148,891036
891027-1,148,891027
891026-1,148,891026
891030-1,148,891030
891041-1,146B,891041
891040-1,146B,891040
891045-1,146B,891045
891038-1,146B,891038
891049-1,146B,891049
891046-1,146B,891046
891047-1,146C,891047
891048-1,146C,891048
891076-1,142,891076
891077-1,141,891077
891978-1,140,891978
891079-1,139,891079
891152-1,110,891152
891075-1,143,891075
891067-1,145,891067
891068-1,145,891068
891069-1,145,891069
891073-1,145,891073
891074-1,145,891074
891070-1,145,891070
891125-1,149,891125
891130-1,149,891130
891215-1,149,891215
891129-1,149,891129
891128-1,149,891128
891212-1,149,891212
891213-1,149,891213
891126-1,149,891126
891127-1,149,891127
891063-1,145,891063
891065-1,145,891065
891052-1,145,891052
891064-1,145,891064
891060-1,145,891060
891059-1,145,891059
891058-1,145,891058
891057-1,145,891057
891053-1,145,891053
891054-1,145,891054
891055-1,145,891055
891056-1,145,891056
891138-1,147,891138
891133-1,147,891133
891136-1,147,891136
891137-1,147,891137
891135-1,147,891135
891134-1,147,891134
891098-1,154 (server room),891098
891097-1,154 (server room),891097
891096-1,154 (server room),891096
891095-1,154 (server room),891095
891094-1,154 (server room),891094
891088-1,154 (server room),891088
891089-1,154 (server room),891089
891090-1,154 (server room),891090
891084-1,154 (server room),891084
891083-1,154 (server room),891083
891082-1,154 (server room),891082
R63070-1,Front Desk,R63070
R63071-1,303,R63071
R63072-1,303,R63072
R63073-1,305,R63073
R632108-1,309,R632108
R63202-1,310,R63202
R63204-1,310,R63204
R63206-1,311,R63206
R63079-1,308,R63079
R63078-1,308,R63078
R63099-1,308,R63099
R63098-1,308,R63098
R63097-1,308,R63097
R63096-1,308,R63096
R63095-1,308,R63095
R63093-1,308,R63093
R63094-1,308,R63094
R63087-1,308,R63087
R63080-1,308,R63080
R63042-1,Cubicles ,R63042
R63043-1,Cubicles ,R63043
R63046-1,Cubicles ,R63046
R63047-1,Cubicles ,R63047
R63050-1,Cubicles ,R63050
R63051-1,Cubicles ,R63051
R63053-1,Cubicles ,R63053
R63054-1,Cubicles ,R63054
R63034-1,315,R63034
R63035-1,315,R63035
R63022-1,315,R63022
R63031-1,315,R63031
R63025-1,315,R63025
R63026-1,315,R63026
R63027-1,315,R63027
R63036-1,316,R63036
R63037-1,316,R63037
R63038-1,316,R63038
R63040-1,317,R63040
R63041-1,318,R63041
R63044-1,319,R63044
R63045-1,320,R63045
R63048-1,321,R63048
R63049-1,322,R63049
R63052-1,323,R63052